{
  "project_info": {
    "project_number": "178433718435",
    "project_id": "whatsapp-redesign-a4790",
    "storage_bucket": "whatsapp-redesign-a4790.appspot.com"
  },
  "client": [
    {
      "client_info": {
        "mobilesdk_app_id": "1:178433718435:android:1e23915b2b6cce32d46716",
        "android_client_info": {
          "package_name": "com.example.whatsapp_redesign"
        }
      },
      "oauth_client": [
        {
          "client_id": "178433718435-ssm1cu409651a1beomviepvi3npgepr2.apps.googleusercontent.com",
          "client_type": 1,
          "android_info": {
            "package_name": "com.example.whatsapp_redesign",
            "certificate_hash": "479729cd430b3134fb8eda075cff48a7d8e36a4b"
          }
        },
        {
          "client_id": "178433718435-fgpbr46r5j5jhfspat7js79ofv20lkaa.apps.googleusercontent.com",
          "client_type": 3
        }
      ],
      "api_key": [
        {
          "current_key": "AIzaSyB2cu6UNuLlg1TalmA6Rpq_Br0FqWH1CNE"
        }
      ],
      "services": {
        "appinvite_service": {
          "other_platform_oauth_client": [
            {
              "client_id": "178433718435-fgpbr46r5j5jhfspat7js79ofv20lkaa.apps.googleusercontent.com",
              "client_type": 3
            }
          ]
        }
      }
    },
    {
      "client_info": {
        "mobilesdk_app_id": "1:178433718435:android:e80dbc72ddd18b01d46716",
        "android_client_info": {
          "package_name": "com.makan.conversa.conversa"
        }
      },
      "oauth_client": [
        {
          "client_id": "178433718435-rbonicfiqvjngqp83q483qa6kjhb4k38.apps.googleusercontent.com",
          "client_type": 1,
          "android_info": {
            "package_name": "com.makan.conversa.conversa",
            "certificate_hash": "e28542112a4606fd3082b358bf178492c6cad20d"
          }
        },
        {
          "client_id": "178433718435-fgpbr46r5j5jhfspat7js79ofv20lkaa.apps.googleusercontent.com",
          "client_type": 3
        }
      ],
      "api_key": [
        {
          "current_key": "AIzaSyB2cu6UNuLlg1TalmA6Rpq_Br0FqWH1CNE"
        }
      ],
      "services": {
        "appinvite_service": {
          "other_platform_oauth_client": [
            {
              "client_id": "178433718435-fgpbr46r5j5jhfspat7js79ofv20lkaa.apps.googleusercontent.com",
              "client_type": 3
            }
          ]
        }
      }
    },
    {
      "client_info": {
        "mobilesdk_app_id": "1:178433718435:android:18eb5d5843a07ee5d46716",
        "android_client_info": {
          "package_name": "com.makan.whatsapp_application"
        }
      },
      "oauth_client": [
        {
          "client_id": "178433718435-fgpbr46r5j5jhfspat7js79ofv20lkaa.apps.googleusercontent.com",
          "client_type": 3
        }
      ],
      "api_key": [
        {
          "current_key": "AIzaSyB2cu6UNuLlg1TalmA6Rpq_Br0FqWH1CNE"
        }
      ],
      "services": {
        "appinvite_service": {
          "other_platform_oauth_client": [
            {
              "client_id": "178433718435-fgpbr46r5j5jhfspat7js79ofv20lkaa.apps.googleusercontent.com",
              "client_type": 3
            }
          ]
        }
      }
    }
  ],
  "configuration_version": "1"
}